CRASH_RECORD_ID,CRASH_DATE_EST_I,CRASH_DATE,POSTED_SPEED_LIMIT,TRAFFIC_CONTROL_DEVICE,,,,,,,,,,,,,,,,
00a530520c84927490b597a6220ff3f2a3347472ef3086ef96b91ee2d70fdbae5cbd9eddad123c5ce1517b97c0740b0962926515bbbf0c6b06b30ef5f5578054,,01/15/2025 01:50:00 PM,30,NO CONTROLS,,,,,,,,,,,,,,,,
0173d218723a1d608d77b7142ca9b9a4afd7463e82416295e97796186e6794d1764e0ae3babd4381742ddbcfc0de6723bb9f5c104bc67f7361effb0a51037f4e,Y,09/23/2023 10:39:00 AM,30,TRAFFIC SIGNAL,,,,,,,,,,,,,,,,
204c3ca48ff3cdf0737e7f10b54ef5f8c49fbe30b5e53e53f11755039efb71f965386bae115439bdf7458b55ed9243e8ed673a46843038ef32b79a4a95ba7de6,,12-04-2024 17:39,30,UNKNOWN,,,,,,,,,,,,,,,,
0235f4b4460f50115c7f6cb0d2bedeea7ce92b9b0f594301c68796ed9f588b036a5a373d90c24d5e8f2dd83f5c9ff477d78599bc02e81625ce5550bda4c885bc,,01/15/2025 06:40:00 PM,25,TRAFFIC SIGNAL,,,,,,,,,,,,,,,,
019686d77a8168054af5b142442f775929fc1d9e100b36936db7d0a0a80795d5af6900bf6d8f6e0cbfd81c432b90c9621d24a250c3d47ef412c179fd64b61df0,,08-09-2019 21:10,30,NO CONTROLS,,,,,,,,,,,,,,,,
01c36d50980b25ab3086fe56ddebe44aad49e0d51355ff0a8a0ff97abc303837a5ea5516b05e479a5571a96fa16f25f1475923bdf9ea8b07ca68527a527c1da5,,08/21/2023 07:48:00 PM,25,NO CONTROLS,,,,,,,,,,,,,,,,
1b6c82c982bb0d01618cad1f4703403371cf19eb568dd2419c2a15e9a6d56e2c77f26b59b7132f7ffd637e271500bf78cede0bb59906c076550f667e2b5fd07c,,11/16/2024 08:50:00 PM,30,TRAFFIC SIGNAL,,,,,,,,,,,,,,,,
2da86e05a9bff3e60a3f568796c4426b593abb16ef3ef0e8f57f0cb9ce098d3ae894dae7a995acd8feb0c5c44716d66c334c67a91594e011912e60477a5b0f31,,04/18/2024 05:10:00 PM,20,NO CONTROLS,,,,,,,,,,,,,,,,
02996b80f458139c86f329ab699a2743b30f9e57124f45f6e6db87c8db4e5772622b1ddf0260ca60c76007557a653078ae7793db6a3cd2e97aaa623492ef16bc,,08/24/2019 12:39:00 PM,30,STOP SIGN/FLASHER,,,,,,,,,,,,,,,,
02a214f5182c7eb0c24beed5c389fe337a164fd2e17d45a6b46e23a701eb779934d925a54964eea84f08f1a14f41042a7de0d481f9fb463d568f2e2e9e67c66f,,07-10-2023 16:30,30,NO CONTROLS,,,,,,,,,,,,,,,,
02aba1feceb2ca3b889d8dd0a22bcb90c65205325d42bd6cfa28b96edd54b933684a7bb4152281a476177f1f5b3ebee3144b2d9f370469e7dfedb23de609fd76,,12/29/2019 01:45:00 PM,30,UNKNOWN,,,,,,,,,,,,,,,,
03638af46c401466857cc6f4038eb6c992ede57917393fb4383c2af117055321f6bb25bf8ef799f06fadace775391a30b652b4323d00e3739148a9805896669e,,01/15/2025 09:57:00 AM,30,NO CONTROLS,,,,,,,,,,,,,,,,
04716502690d17e32815b04a038533b93e20290adf790faab48da2a84bd61765fc819df0f4f07a863297456b826fb70c38623936d2cc6880994a69035e9dac20,,01/15/2025 07:30:00 PM,30,TRAFFIC SIGNAL,,,,,,,,,,,,,,,,
0471a281311eab39c730a8afc45fbb5d43a5018b6742dd0425df3277761c86e0de2ec982e90c3ecf4e98a6980b978e454c332fbd2e190746d2e797dd07816b97,,01/15/2025 08:15:00 PM,10,NO CONTROLS,,,,,,,,,,,,,,,,
05020defb9cf25ed6ed89424907bed85737017ae214d2efe9f4a99b08b5ed0cb7ecd847d0b8ac8fdb0c558950fdc748f74eb94cf321f6b1e2557e98cdd0ac325,,01/15/2025 09:50:00 PM,30,NO CONTROLS,,,,,,,,,,,,,,,,
0595db094149f47c8a975e988285ca8c6eb3373846e3006ed5dc3d2754ed195213ab31d8a23344abdd6f2ced946d1d1631e45aa7667d3cd90582dd897c801bb0,,01/15/2025 08:22:00 AM,30,TRAFFIC SIGNAL,,,,,,,,,,,,,,,,
3130d98613ed978e479f78425ae7d2c7fcc0e24a99ca950f92b4403230ccf6b3a5aef93cbfff29bc28d733cf59e0e2cd705e54dd0279df9a79b6264d4d134aa2,,02/21/2024 09:00:00 AM,30,NO CONTROLS,,,,,,,,,,,,,,,,
04dd33b3fcd1285616ac9f801521a725c1680f0fc451af59852248fcd353a45b52c91fd7acf8af72a1a430bead25f1141c70ca5aaac25914cabffe4f825e75d5,,09/21/2023 04:10:00 PM,20,UNKNOWN,,,,,,,,,,,,,,,,
04eea9505ca2bc22b7ab58763c4efedd0138c681b3464419afc3c2f41d1ae5fb62ce12f2d091a17b7b051f7a7e970f88d531c5289714b2251570e93cfe19ed77,,09/22/2019 07:43:00 PM,30,NO CONTROLS,,,,,,,,,,,,,,,,
061843e9a5ff50443846fa4244ce21d21c2e324286dc3508597b530eb306b4dba7d585367ec8ca30d2194ea72c2268b3241da115f5ba95f7fe4bb24ccc58e9a3,,01/15/2025 05:40:00 PM,30,TRAFFIC SIGNAL,,,,,,,,,,,,,,,,
066c0fb305edc9897c483624c68b2052415236e3ce7d76cdd355b0c0705513b38474ab0d7538ae7e323b62349ff7ca74ec16e33fc225b42dd5f37cf07d2c61b7,Y,01/15/2025 04:39:00 PM,25,NO CONTROLS,,,,,,,,,,,,,,,,
47f0af750998796d136bc102d7f445ae2ae7f9587002a6b6b1f2c2d9c7f35bbf03f3332c2f850f13f6e150c8060b153b396788407a828eff0fcff13a83a404c7,,05/16/2023 06:25:00 PM,30,NO CONTROLS,,,,,,,,,,,,,,,,
0e208d23344f0d1b3a9fcd4bb07676a750ddb73c397b5c398a33743fd0d49b8ce737c7740b1a77cdaebd61e8e79bddb284452d744b16668f9777f256eec28ff5,,08/13/2023 01:30:00 PM,35,NO CONTROLS,,,,,,,,,,,,,,,,
089e1536e26f11fa36eb8ca26d7c5fb4c4d17899652bd3e69360ba63419c87dc03466d9e4e1789c9162cfee7dbcd529f0e4f0a6af6e9ba03892474c4011cfc8a,,01/15/2025 08:00:00 AM,35,NO CONTROLS,,,,,,,,,,,,,,,,
09360d7045c46fcce9a4d182b3ceec66e4d2c0b405ed8352464a76a1c3d2efa0254f282f2be14e576ecd0d3fe2ff3876a74b32d83d4f05e939b5c2fe589147ac,,01/15/2025 02:45:00 PM,30,TRAFFIC SIGNAL,,,,,,,,,,,,,,,,
09447f1313f56334f08d28b8b98ca89baba9a7bb4e1da2a490ca469ee187bc492f4db0f30d6b28d2e1c9f85152bc07aa29d31aceb35ef15fffac3375945bb83e,,01/15/2025 01:21:00 PM,30,NO CONTROLS,,,,,,,,,,,,,,,,
09c5d1cdd78bb498c105f543819b31d879b549f18e177b9c34e3b1465d6ee72f902a26d4b511324be205239e2fbeb64473513e903446d40dac733eecb6dc6dba,,01/15/2025 02:55:00 PM,30,NO CONTROLS,,,,,,,,,,,,,,,,
0a1a5b8073c985f6ae58daaca286dc1ef4356771031274eb8d048083ef4faa5352d6336e4490055cb29e0ef2a4de64d98709ee884fd35f4a5b023d1734e71e42,,01/15/2025 11:27:00 AM,30,NO CONTROLS,,,,,,,,,,,,,,,,
0a850b11abb83f23ed3c6723868bcfc8684ebd134b616f81ed56d4c3f0adebe2eabbf2b8eeb0e6a8a21503d00519c87564545fcd6b3f1f869935f7eac74696e8,,01/15/2025 11:13:00 AM,20,NO CONTROLS,,,,,,,,,,,,,,,,
0b0175c2080216f1fc758dfeef1d79965b291bed137a586a47c8742559bafaa46e42e23c71ee311376e35cb9fb86dbb34bf82b8f9071e505b9c05d20ca038abd,,01/15/2025 08:40:00 AM,30,TRAFFIC SIGNAL,,,,,,,,,,,,,,,,
0c64e0210999c5a1b13a8bddbe48540ec18eae17001dd1b828fc295b73aaa82eb3af4ed3e90e44016d2fac28cfe6bec978e65d35aa126068f4df71f181b66155,,01/15/2025 06:05:00 AM,30,STOP SIGN/FLASHER,,,,,,,,,,,,,,,,
0e2bed97dfe39cc448fd6a284f1021ac8a7f250716d9aa0dfa449f72a551deff0fae012814d9464d0807a087c3cee4c051685ae6c7d8a43e986d1f63f9850f53,,01/15/2025 10:38:00 PM,35,NO CONTROLS,,,,,,,,,,,,,,,,
98ecab135eae0534b02787f49d62e1696ab3763ff352cbe492b3acdab6403cf26c33f1e79432c88cc06ae80f4481a06b712f5dab8d530c5a9697620726b827de,,10/17/2023 06:00:00 PM,30,STOP SIGN/FLASHER,,,,,,,,,,,,,,,,
0e3032d8e420fd1580d52d6c87366ab0088fdf34390973579acb9e833e2cb7f671ef8d7d692883d85d4ece507f494080c8bfe8bc7a3cb767f3727299d1fd9e11,,01/15/2025 12:55:00 PM,30,TRAFFIC SIGNAL,,,,,,,,,,,,,,,,
fca60e390a132b2f6fc0eed98085cace774887a45233f9c152d0877c7166d96cb118b23efe0438192975d5d2fa5a0ecaa6c0e3ee7245b7f1fd1ccba77d9f272b,,08/27/2024 12:48:00 PM,30,TRAFFIC SIGNAL,,,,,,,,,,,,,,,,
0edc7225aa8b31712570656549238a7bb5cb7f03bf38c7c48d2fb372229b7c8dbed63ecee154429043ac45ae075be95ca85acefcb9e8149f3cad192998dd67d2,,01/15/2025 05:00:00 PM,30,NO CONTROLS,,,,,,,,,,,,,,,,
560ef64c9f78569c3501a1be50c2b781135bd149cff3166536753b0026c048b00a15bd0bcb9a0b1b02189e6ebfd581c8a59596a84fe8415626c56ea55be701eb,,08/27/2024 08:40:00 AM,20,NO CONTROLS,,,,,,,,,,,,,,,,
0f2af2ad2b814990058bbb239ec71d136b992e39d6cbd0c403d61b2c1a2cc70bd2cd0f828628d43628ab481caba6662492dbe69a1b769e914857926bdb22e440,,01/15/2025 05:00:00 PM,30,NO CONTROLS,,,,,,,,,,,,,,,,
0f954c177a81eafce4894b184ce660e3e6f5659d70ccff1333da15b93073ef49d5118ee205e399fd62a81008ba32ac443257a699bf5a78fa485487a922657739,,01/15/2025 09:46:00 PM,30,NO CONTROLS,,,,,,,,,,,,,,,,
3a16f27b977abcf493752d1af9326b17bf562dadc01fdbe780952f9c5f5dc85bca01ccfca61693caf581cfe506f3e681cab5b5bcd1747bc5794c5539ffbf7729,,12-04-2024 17:30,30,TRAFFIC SIGNAL,,,,,,,,,,,,,,,,
1041817a1dd7606bd96350e0325cc0487e2b08178c9cc526e7bb275056be46f3db000d6720a115a3ada2f779beb6e48ffaf2f0c8642c3aa2aa1d068308d1f149,,01/15/2025 09:03:00 PM,35,NO CONTROLS,,,,,,,,,,,,,,,,
5ae5b10b884f8c0bf6a21fe615b695b6ab3fbb0d61e3e930a16231005bf28256adacd51b3d57b1e82ca8a7095fc0548869646c07a966d96a1d2d895fe4d749f5,,06/14/2024 03:00:00 PM,30,TRAFFIC SIGNAL,,,,,,,,,,,,,,,,
5f54a59fcb087b12ae5b1acff96a3caf4f2d37e79f8db4106558b34b8a6d2b81af02cf91b576ecd7ced08ffd10fcfd940a84f7613125b89d33636e6075064e22,,07/29/2023 02:45:00 PM,30,TRAFFIC SIGNAL,,,,,,,,,,,,,,,,
11c60ddfbfe7c05e8b0ac4e80dc4306bb7965aff4b20f7256b4f90b23dabc0e77eec01b959b2f2001c14b982855fb01ed230660fdb4dc6453d4f62eac7cb7f21,,01/15/2025 03:22:00 PM,30,TRAFFIC SIGNAL,,,,,,,,,,,,,,,,
12540baf16f0210c45943a08daf6a60ce0b285e4adfe417c53ac05ff374491de0125a38dc84c0e14c06221e9d6880ed9c8866cb7b9704cf4a1cf6465cfe0cba4,,01/15/2025 11:59:00 AM,10,NO CONTROLS,,,,,,,,,,,,,,,,
66bffdc007d1243e8e36b420d0be2f6e5b419c7e92e630a1c1ea4e2987bf78191d8916185086fc02076e77574fb9f44dcb848ccc6f0082ac2329807daeff9994,,04/18/2024 08:20:00 AM,30,NO CONTROLS,,,,,,,,,,,,,,,,
6af64ed058af4ef0a2409a87865ca5ec28a80be1ecd18d7b9df74378a4ae8b68d6af106ed0eda11e7c1b27f6b143c47c9156b024d904ef934806d91e007b0f49,,07/29/2023 01:50:00 AM,15,NO CONTROLS,,,,,,,,,,,,,,,,
6517355d98056c4f44df06292d9469866ae7c0288dde1ffc0f8d2b2785ae494fbfb27bb084402f6d8dab8c0698d309953a681ef58a106fb420bde89acfa18543,,06/14/2024 03:15:00 PM,20,NO CONTROLS,,,,,,,,,,,,,,,,
57feb475a9f4253d7cb02b1168dbdb9aed4895e29faf0cd7eaa0b9d1130fca1eddbe7ab2f7cdcd11b089181ba2b143442b9b52b09630976b9c7acdd3abbf4e7e,,11-04-2024 14:46,30,TRAFFIC SIGNAL,,,,,,,,,,,,,,,,
13cb147901ce8dade4e0f8d79523a471190b52ece5ebc05b2c9e72a5eff30266bb975bbeeae49429406a3c910229e392f13c9267f9699db9ced612f665e30acb,,06-07-2023 13:22,30,STOP SIGN/FLASHER,,,,,,,,,,,,,,,,
1475c9185ef948a170a30ebaa51d323c1a858fbbb62a34c8606de75382ff1bc2d7045b2656dc0e9997e9d05cf27061ff485e2876fded21166c4463a1fdc9b464,,01/15/2025 02:39:00 AM,25,NO CONTROLS,,,,,,,,,,,,,,,,
15bcfe5686fc94640096a9597c8af52c1508badea6d43eede0b550da61a7614d66fd5c0f1e7f7edd07906db99dcae5154482f90d86bf0a39d802d8552454595d,Y,01/15/2025 09:15:00 PM,15,NO CONTROLS,,,,,,,,,,,,,,,,
163ec7696b03116bdd9b5338075e29232b32867b1c89ead7794061d681bfb2b9d7e07bd3dceb78329a7927ea6daf33f256bb3020ea8eaae771d388555a45bfdd,,01/15/2025 10:45:00 AM,25,NO CONTROLS,,,,,,,,,,,,,,,,
165095c1398ee85e28a239d1dbc5b5776d865e99cc006f52cc6a5d57fa4f6d44e2265985bbb873e0f1ecdbbb20ebbea99b061d99b95be83048482b82f625afde,,01/15/2025 01:29:00 PM,30,TRAFFIC SIGNAL,,,,,,,,,,,,,,,,
17d8f2fc9664510afde2cd6bca5e71deda5e06a7933b758858c6b6507236b5f470681cd79987c1e3979233dcb859fc45a0e2909e0306f9a88e3ea637f910d232,Y,01/15/2025 06:45:00 AM,30,NO CONTROLS,,,,,,,,,,,,,,,,
1831fff43cc3ae4fb4cd0f72459f16d240384d80abc09f864a89c189b0ef61de5f708b9abe2859fabf8088122496683321fb82263f51b196129ff2c4f36b8761,,01/15/2025 10:00:00 PM,30,STOP SIGN/FLASHER,,,,,,,,,,,,,,,,
19142daf93cdc70e4c0395b0fda56e73c0a084c6fb384254ea61e9b90ea9a9866d276c89c963bfd975e72a04a2e79cf070df38d0967b0b6214253658255195c7,,01/15/2025 08:35:00 PM,30,STOP SIGN/FLASHER,,,,,,,,,,,,,,,,
1933164785a615b7d918ec2df9732be9fb0e69bbe64cf9445b636e90db6d84828d3653a5d47612886fd204d9f9979559cea07ac8f84762c80f14fc670cf3c34e,,01/15/2025 05:40:00 PM,30,NO CONTROLS,,,,,,,,,,,,,,,,
197e56aa3c43a7204714d4e6ca128ddf78a196edb9dc1d4c3ac3caffd3fff735d437c6721f9e90ebd1f04aad997f03a20b8d15bb825b1a563e3327ecaa523d8b,,01/15/2025 10:02:00 AM,40,NO CONTROLS,,,,,,,,,,,,,,,,
19f2d8d8f8ba9e4531ee42700a41576d8862f954121b04d4e950d8f36dced55e483565871fe0f06feb4efcba8e99133fce9dde46285309c77d4eafb2a84ad7ee,Y,01/15/2025 07:30:00 AM,30,NO CONTROLS,,,,,,,,,,,,,,,,
540b5fa06e50765a19a127198c93b222abf0cdbf7817dc80ada6acab0251529ec665b7fdf432bfdbe95b9e59308d7b947eb7f6abd92db0df1da534a87cb53a6e,,12-04-2024 07:05,30,NO CONTROLS,,,,,,,,,,,,,,,,
1b548b4bc5ea2c6573da1f4eb6be96e0946733de2a422a93c85c430945538ad436fff9d698cdd9b8034c1a6748b831f8c73f66f30cc5a8f4507f967d035432a0,,01/15/2025 05:30:00 PM,30,TRAFFIC SIGNAL,,,,,,,,,,,,,,,,
1c1c62f8ca03d45293f1446a1525afcd2a1c52f159c95725e2aa6f11f0d71248284d688aa4d3b106dfd0c355bc9060bba5b2403678383aaac4faee755a675a05,,01/15/2025 04:41:00 PM,30,TRAFFIC SIGNAL,,,,,,,,,,,,,,,,
8cffbcdbc841373d5963256ad7d74b3196220a5117d4048c65ecd84decc6506079ac4838fd6212e108bef555c3433099e81b371f264aa76c0306cdafa20ce2d3,Y,09/26/2023 05:00:00 PM,30,NO CONTROLS,,,,,,,,,,,,,,,,
1c3e038816c8804bc0d3f2929dca2b805fc97b783f709c90ae8f81cd05f999010ec26e4e210ec4ba6d52c116797817a736066d41a9b47ec91a63250f113237ca,,01/15/2025 08:48:00 AM,30,NO CONTROLS,,,,,,,,,,,,,,,,
1debe73e5fb82e25e141faaa872e22ee4ab7f8656e502e102ad1621014984ee9228c9411deaafef6be58dad5db40048c37331545a45e8edfe81088ea127afe1f,,01/17/2025 07:16:00 PM,30,NO CONTROLS,,,,,,,,,,,,,,,,
1e01c8a69f105cc608d4eadcdb01bbe6b6de2d498af5e593656f1fead56ba9b879a7558896ba3976713fb5c43cc3c639bfb1a3db823459d22c4802f6a26deae8,,01/15/2025 12:45:00 AM,20,NO CONTROLS,,,,,,,,,,,,,,,,
1e0f51ade9264a6661a15c38b5eb0f772e2ce435cec8a584a3e691b6799ad79c88cf5107c7d5869e4e0a901f2970559ef21d677a03aecee89d61c7aa07aa30b6,,01/15/2025 06:22:00 PM,30,TRAFFIC SIGNAL,,,,,,,,,,,,,,,,
1f06ddd928816feb9952b7b050f7b071fac454a32f00773fac966bd1683460b90f17084c7acccfd72220b07f73df4d7e433b93d3e7de0d021099eda703fa66c1,,01/15/2025 06:30:00 AM,30,NO CONTROLS,,,,,,,,,,,,,,,,
1f4702d749b30fb28dec1405f860b971bf014cb3e479d059eff5bf40992c138fc362ed7198231889924eb80617d0cd4fe20ec796ede0c0d5ed25689fd7ba965c,,01/15/2025 03:00:00 AM,25,NO CONTROLS,,,,,,,,,,,,,,,,
1fb1a2d1a9adcb39fff77ce54dcd175399981a1d76bb1bf65a2a2296a8e887d0339d2b98e38f49f5bd1d5c5d49b3d3f5fb5608fccd8cf8cbe10a71c90eb00634,,01/15/2025 08:30:00 AM,25,NO CONTROLS,,,,,,,,,,,,,,,,
20128b104a66e4f6daf2c99783d480fb7ae9ea0e2a9bfae021fcb00fae3ef816b28dd867e292a2de49947bbda5b512b3990c7ba948526a3a9d1dd0c558aab3c9,,01/15/2025 08:55:00 AM,25,TRAFFIC SIGNAL,,,,,,,,,,,,,,,,
205a0c8d4ca8ddfebe78786a06dda7a04386e476d40ae55e952a84b0dc1b409286b8a70c066010f71578e0e17245b3d0d01b472f9d5ebc4e4f488693a662e96a,,01/15/2025 08:57:00 AM,30,STOP SIGN/FLASHER,,,,,,,,,,,,,,,,
20aa760e8518d8b1cc906116b99a8f92e03d09139a1dd13a7ad043eeec617a69cbabba0eea0850101a74eee3ad767a58e829d19e23e22fa824e96182b15b8570,,01/15/2025 06:26:00 AM,30,UNKNOWN,,,,,,,,,,,,,,,,
224da4228d4270fd27c8f1cf1a92e7a16310b8baec734441429857ed211ae20e72c8769a1713745638e4ebcc6b0760a19a8a8153f7a7a597734a63a34b60e9a3,,01/15/2025 08:05:00 AM,30,TRAFFIC SIGNAL,,,,,,,,,,,,,,,,
22c90aa4d7dd1c86e4a726b7ee1f14ee97c1a477bf18299d474ffed67cc2d852b446a571ca9f0abbd32e1899719fc0b11dd9e1d64f406095310d8d7362dbecaf,,08/14/2024 06:30:00 PM,25,NO CONTROLS,,,,,,,,,,,,,,,,
237df742ae6c0112b2a0739a8638828d5e5330a59d05b27a31c0bac28e9cc8192dc8f05c850bd9f0971bb9055770fe476683313ff4bf6047af0180a08d14b0f5,,01/15/2025 07:50:00 AM,30,NO CONTROLS,,,,,,,,,,,,,,,,
23a617d9ae4da577d18a1eee8afc995d8f5dfc8bf7115d85342f5e7541fc41787bbfe41f591344c5b71f0838ee43a14c487b38745e40f6057c7020cd25cbfbdd,,01/15/2025 02:00:00 PM,30,TRAFFIC SIGNAL,,,,,,,,,,,,,,,,
8ae7ff3b57615565e1e07702fb5d88ed87b9926366c9e7850ebb48c2a733490055197336207b9ef18a0952ebfde6c86ae285942e2f6f000c8a3d557f0877bded,,03/21/2024 09:00:00 PM,10,NO CONTROLS,,,,,,,,,,,,,,,,
27084851e9bd6a1a3c598edbfb0597e058764bf0326fb2516d1b523af5a96dc0f171220fdec1baaee7ee27c751d713bf9a9f584268a85e26e822de9185cd79d5,,01/15/2025 07:00:00 AM,30,NO CONTROLS,,,,,,,,,,,,,,,,
28882d49f78a0f5121f066ce4c3de92d08b93dc5518baf94bbe51a5e4412f8790d72a88e2f650195cb8664ba603cbd5c968efef0fe1e9775ca4b6de89f845bb8,Y,01/15/2025 09:42:00 PM,25,TRAFFIC SIGNAL,,,,,,,,,,,,,,,,
2944b1ad05100a85ec4b0cdfe587f509e67f5a5a76d08d636145c452ddf7171c1ed33684f9abd6790d1ca202a97958aad087bdd3b50a0edf42bba7367b8d9795,Y,01/15/2025 10:11:00 PM,30,OTHER,,,,,,,,,,,,,,,,
292b4ab3c5de1dbbefa34b75c2f3ef8a53b2f212591e09d4b1f2cd25d14907bfd6598d1ba1e2f9390da1cc27a9a2cae6c9f5f0fddf0f3e0e85259a7b0c9ffe6d,,09-11-2023 16:25,30,TRAFFIC SIGNAL,,,,,,,,,,,,,,,,
2993102ab5da4aa11069d54a10ce3f2a0f08b2b43073ac21bcb6e9d142f5bea4d3d73192da270500e640bf0d11426e106dc6d272466ae612bffd8772093810c0,,01/15/2025 11:28:00 AM,30,NO CONTROLS,,,,,,,,,,,,,,,,
994f330c7ff2d12a3a37692a63c57e4ad2c1c1ce7d56eada8ddd77b96a658701e617f735f09b695be76eebbf931a8c6a527cf4daab36f1771c82733f6c21b651,,03/21/2024 01:00:00 PM,30,NO CONTROLS,,,,,,,,,,,,,,,,
2b44e609ef8cf0f8d4c2709374fe821dfc0ae636888d5334490f78a105298fe2c8a8b40e6f687b3d2aaaeb2187936e9210e3ee7a1c21f6ec0ef642f6b439cac5,,01/15/2025 07:23:00 PM,30,TRAFFIC SIGNAL,,,,,,,,,,,,,,,,
2b905a74085b3af2c54c556c03e561dca5f64d8bf7988085bcc7562063175c6f7b85ab6113bd18abc91e8a6f7c650f5a22abaac75d2d252b91acac239589e4b0,,01/15/2025 03:10:00 PM,35,NO CONTROLS,,,,,,,,,,,,,,,,
2bbf910c378ed033bacdb5759271171a361741315594946c6e86ee61439a00d97b1c28e577b4d74fbe77624b96fcb6b51615fd4802094f4327b1e4bc12805b6b,,01/15/2025 07:21:00 AM,15,NO CONTROLS,,,,,,,,,,,,,,,,
2d536a7e2c897393570cff56c2d8823cb4d4c731407854a4c484fa557d5e18c1dc997eac99a440dd4f34d64a700e9390ea5ead0d6c6a71336c1ba0324f60af8b,,01/15/2025 12:10:00 PM,30,NO CONTROLS,,,,,,,,,,,,,,,,
9c4b52f50d8d1157a0b13af6425179c3012f3bfc307ca82f750dd25c523c6f62e005d724ad5dbb1db6654de20abebb951d004e621b2e146b74d1b03aa202f7ef,,05/17/2024 12:40:00 PM,25,NO CONTROLS,,,,,,,,,,,,,,,,
2ecfd5d8074f4774686ff5ffa056478170bb6a009f26e172a77cf012a6926b062b1f33cfbaf7792ba09551076e0e87426d6681ae1775bfb5c79f3a0af347aa15,,01/15/2025 08:17:00 AM,30,NO CONTROLS,,,,,,,,,,,,,,,,
a00ba44fe3ce68686db0fca2e54e8582bfcae0060897121418e36c5c2a6ae8d827b30ee5f1ed3e25b2d285f3245cb4b0a27d3d6fd82fba5d668ef58823f30960,,05/17/2024 09:26:00 AM,20,NO CONTROLS,,,,,,,,,,,,,,,,
31daee4d3a4727c62042c65c8b148cc063f1aa1695ca13ea2c367d6e4bdc28123402cb398542c739aa924d31e745d530de66c0da04529ce5a54690d6fafac9d0,,01/15/2025 07:55:00 PM,25,NO CONTROLS,,,,,,,,,,,,,,,,
3347ffa406f91f9e8df5c8a7dc912dc6f5c791f8d480f8e7e5226cdc7139acf699540365c5f4dd6b8c24dde9a1050173bc51f236abec0209ca2761a9d1facccd,,01/15/2025 03:21:00 PM,30,NO CONTROLS,,,,,,,,,,,,,,,,
01347c6fbf7e2b873316e021768a52053d7caa6fd655e4543bd37ce22ececb2b2cee7b6969fe66487a0e1afd76c30f3c99828d27a8dcf51649af23e875629141,,05/31/2024 10:00:00 PM,20,NO CONTROLS,,,,,,,,,,,,,,,,
a9ee386636d23cc57ef08116bf18e6b920e4f74930ed7e4af7ba4c1a289a5b6769021ccb5726eeb57ef77c9c9f394570a18f0eb095ac71f03511dbf8327554f6,,03/21/2024 04:17:00 PM,25,TRAFFIC SIGNAL,,,,,,,,,,,,,,,,
a1de1e0a274dbe85d0084ad546dad3222df7e0ad16ce52ac318dd7e46d602fd68deef818901d1121e0448f5338c667f8508c285fa43b733b1dec11699144b673,,06/14/2024 07:45:00 AM,30,TRAFFIC SIGNAL,,,,,,,,,,,,,,,,
832653ac5e177dd1429a711d31c282aad1f948f3ba54c5eb0647a44b231a15da79764b3abf21957bab2d01d62a3224075be14fd1479fc15d85e1bdbb39d74b70,,12-04-2024 10:13,30,NO CONTROLS,,,,,,,,,,,,,,,,
34409a8fefc15f9ade9d8bfeef681fe327296ada79f1809c5445cdd531ff67961ad9f9c2d3db3d9a9ca26f178be1e58a8852bb926a20c7dd97f1c4ddf110f40b,N,01/15/2025 10:00:00 PM,25,NO CONTROLS,,,,,,,,,,,,,,,,
cca31609a402215fbf6a90108bac43b97b57c7001e95d0a4aff99322ae78813296133c79c2747f0bccadaae4fbcedb7a51f2fd36320e7e37f8a5f5bf81f9a49a,,09/27/2023 09:50:00 AM,30,NO CONTROLS,,,,,,,,,,,,,,,,
36f419a42c111dafc28f0dd1df023e1a4d874bddd0c5a6586ed1e84cd5ca4aec71aa5edbd929fac611286b054d1045bf3859285cd5a7939e1641107560c051f2,,01/15/2025 11:45:00 AM,30,NO CONTROLS,,,,,,,,,,,,,,,,
d003e91f747392b13fbdd8cab6cc4a10364589a65b7fc42d2b48b8087e4f6806d6c4850a122129246898ae3cbc6681fc0d435f55837180961bfe5ec8d3ab5734,,09/26/2023 04:36:00 PM,30,NO CONTROLS,,,,,,,,,,,,,,,,
38cf6cc3f05a827aa6cd16ae1b0b78c5307abef6c721a4ce2e814de6af53da68b437fdc6883e7702f349f240d99ba738807085eb47496b6b83ac19d0ccfe7068,,01/15/2025 06:05:00 AM,30,TRAFFIC SIGNAL,,,,,,,,,,,,,,,,
37840d8b7060dcc68a81eb2f76c2324a5b248aa201a6e8578471cdee36d74fc9fc45598040a99a6a9bc35ee2c504e27c040bfae351da90534558795b94f97dc4,,02-08-2023 15:43,30,TRAFFIC SIGNAL,,,,,,,,,,,,,,,,
397c405cd3955d9146f9974d97802e0ab5c1ea88bbf18ca91ff01220c16db4e5f02aca0036bf509f1ea670f14bbb2d7b52eb529febb8fc024f8862358d0925f8,,01/15/2025 03:41:00 PM,30,TRAFFIC SIGNAL,,,,,,,,,,,,,,,,
3a46348defdc8d4aeaff81dd1394166fab81253cd41a907ca247410107b95883e0b736f7a14034f5b9460270a9e65c82babf465b20abbb2a0a74f7f9ae96b1e2,,01/15/2025 05:00:00 PM,30,STOP SIGN/FLASHER,,,,,,,,,,,,,,,,
3983e2a01fd42410f564598031def6632607d233291dfb96c3c715c303e4c9f864803d9168247700fcb5f3f23fdc2577c24358297792333fd9d653fc919fb0e3,,06-11-2023 11:00,30,NO CONTROLS,,,,,,,,,,,,,,,,
3aff96a3e7d168fbd4d1c5eee4dc63645222784eabb07fe320c19db3c066f828f3c30e785c6dd1d3ceb92efb352b2023f6436ead2676f7ed02b3ca02e399caf9,,01/15/2025 03:46:00 PM,30,NO CONTROLS,,,,,,,,,,,,,,,,
3b2c745da33c242080ad710028ec40fa097a1307f84f160047e083df805844159c8a6e565b1f4b07af9f8675729d7dcba2f487b715ffd896b215ed83a3d4ef1f,,01/15/2025 04:52:00 PM,30,TRAFFIC SIGNAL,,,,,,,,,,,,,,,,
3b758bbabbf1b29297a3c35d1c93779fa8de7f06775a980efe2548257e66c80223ec0339ed6bee8ea137d36a412f8cce08984e8ee405e97a92014d1d9e13e600,,01/15/2025 02:25:00 PM,30,UNKNOWN,,,,,,,,,,,,,,,,
3bddc7992929052c38b9cd5babab33ddd66d97b7e73a1f2a38d0159d544cd0085293250b3ccdaba4ddaf98b84ecec14f8cec64b34df7db4d4f6776914e5860ae,,01/15/2025 07:30:00 AM,35,TRAFFIC SIGNAL,,,,,,,,,,,,,,,,
3c116ef500ba849dec74c58ca15490ef2f5256e331fc22cf4df552d4802cd75a0db0534c2fdd7bc4fa62d973857ddd985a5e362008c21aa943936d866a2fe7f2,,11/13/2019 08:05:00 AM,15,NO CONTROLS,,,,,,,,,,,,,,,,
bcf1842edae0d320005beff5661fc7f06716266df6c8bee2dc27c85eebcb8483da2af6da56da4c5e39ac3dd13361ef3e23aad7c5f8cf6ac25c2e2a9f5df99bdc,,04/18/2024 09:15:00 AM,30,NO CONTROLS,,,,,,,,,,,,,,,,
3ee795cfe7664dc1992ec6405e7bae05ace1d30002724ff84b148b3fb3269e19a4698391447f7a99e70b532467b74c78d38f43f77813e1944fecf751a9acba39,,01/15/2025 05:50:00 PM,30,NO CONTROLS,,,,,,,,,,,,,,,,
3f786cdf8fea5ab775f58191db3ebae597920441d6d9657f4116c2e0934ca987ceaf974a7f6f0a12adcf385d3777fb0edc78fa576b183b8707680b128f4dfd91,Y,01/15/2025 07:05:00 PM,15,UNKNOWN,,,,,,,,,,,,,,,,
41e0fba4e0fb5c29520b0c503f8111a9b3b881d5ff873070c7cd3ef384e9c5fc48a2a2f1d0da5b26f11bea5e207cc67d9f90e8f0a312f9c0b97581e22292c34c,,09/28/2019 11:45:00 PM,30,NO CONTROLS,,,,,,,,,,,,,,,,
437061cb2c47d1062ba878f4512360462db2a3f0c75373fae2fb53920293b5619bd0e17890f54a54f6643b0a63205ebf8ac79fe24a12f03ae3e102d8ab4021fc,,01-02-2025 14:00,35,TRAFFIC SIGNAL,,,,,,,,,,,,,,,,
43a0501b5fc966ef4ac7ad9aaa04c2ca944cc6bd2de23e3c4ffd6de80ecf265d015ad460b8d6cb3472ddeaa7321d08a13c5f16f18eb42a44a7045948618dbabd,,01/16/2025 07:20:00 AM,30,NO CONTROLS,,,,,,,,,,,,,,,,
43ca5658926afc909487538a3018d092d65ad378b7731394c02f64d0e8ece194f50acc19d31a1c4ffca366a0108977f47e38a48ce51ee9b02832205cb8ed190f,,06/30/2023 06:35:00 PM,30,STOP SIGN/FLASHER,,,,,,,,,,,,,,,,
44a7f9135ce47aa8e61da063d7b00bbbef5431b2640dbaa7a26fdc019bdbf2da702333fb63c34302988c69a0bcf10bd2950a007ac54710f401b58b457e33181a,,01/15/2025 08:45:00 AM,30,TRAFFIC SIGNAL,,,,,,,,,,,,,,,,
4530c57e3b16ce1d4c5d43a19f8f64fa38b944efe1886b5a9f8f6cf6cce0e0e60fe9a855c7748c9269723d99db4deedb88455f9acbbc7c1ff39ded6ab7d11453,,01/15/2025 01:00:00 PM,15,NO CONTROLS,,,,,,,,,,,,,,,,
455276b8aa7421bbb222548ca7bd8f6e85c7a26cc47c02e9879a64c6e5d9ac8200b59111570396dbf890a68acae14dce7b377e1e5d2b9fbf7d845cb8534a8add,,01/15/2025 01:00:00 PM,25,NO CONTROLS,,,,,,,,,,,,,,,,
fbf90623bd5cda47e067b08f65eff4fa9f385087330ccb6d05e7ea488cb276e4ea81f04a1ae6a4fe608f17e73ff036fe244a27be7cf9f1bb0171e1f8850733c1,,09/26/2023 08:20:00 AM,30,NO CONTROLS,,,,,,,,,,,,,,,,
46f4dc520cc2a9b4327918e1427b4a1a693ec913f4a30bf6574a58d971e5fb0f44e18a7261acbcdc3d7aee62731195a3e13be9f4ecdf2ed7ef8bfc75b00f3662,,01/15/2025 08:05:00 PM,30,NO CONTROLS,,,,,,,,,,,,,,,,
4712d52513e0e023c7cdc0af5674d1740ee6a3c433922a41ef8138736f4f6a6a8ec9e3d176554e2da2f8ec799f007a44fb7ad9f4339c5ed09f7b89d3bd1446da,,01/15/2025 11:15:00 AM,30,NO CONTROLS,,,,,,,,,,,,,,,,
588083f7df534d07303e53d60f6bda257e20d121468e70cb9aec24b246aa18d96007e065d7017b02d6afcf70cb1e2b42b9b8dd7a4272b847ea5bd2cf78144483,,01/23/2024 05:25:00 PM,30,NO CONTROLS,,,,,,,,,,,,,,,,
4772eab41374f1ac889ca9ae82f223a46299ac5d92ab987d37d209dec20aef4de01ef43abb4363e64443bb5d6150676c726c79294cf7719c734354d1bf0f9929,,04/17/2020 03:20:00 PM,30,TRAFFIC SIGNAL,,,,,,,,,,,,,,,,
fd05285e9d273fe20cbbebf84794045828a2ba589073b6c92a05f7656d6a31172e5e79847caf4c04f3bebf91ed7f2cab1a871cf53690f71f3d940f839a1c8fc4,,07/29/2023 02:30:00 PM,10,NO CONTROLS,,,,,,,,,,,,,,,,
47e08938104542ff76b3f564f6a511dde6a151d892b94c7f4d1199a58d0ca3155dde7307620cea225a5086d32f7643608985a7cf0df76703d54240efec289020,,01/15/2025 06:09:00 PM,30,UNKNOWN,,,,,,,,,,,,,,,,
ffaf9ccafa7ed2527abd572e25edc18135e36424cfc670f0a97b7a99510bf80c0620427081ad455722897aafda59078bf74ad2cf5dcc1783527ae2fd886c8ecb,,08/26/2023 06:02:00 PM,20,STOP SIGN/FLASHER,,,,,,,,,,,,,,,,
fda2491d33ac819033f4aaa7ed901120f2f6785b7e5bbbbf99eb6d56847d5de207d7697261a182f12a2a47fbeb3fbaa5c3c767d3ac099675e65e09f345b7e7f4,,07/29/2023 12:50:00 AM,30,TRAFFIC SIGNAL,,,,,,,,,,,,,,,,
48562250b42cd908a14394d34345520e49f33c3827c125d7a8de8733bbc024121d28af4dc10171cceeeda5ef770bab053db9a720409c6b983eeef285351e9c34,,01/15/2025 10:36:00 AM,30,TRAFFIC SIGNAL,,,,,,,,,,,,,,,,
47ed5dcda1e9cec54c766f71e69ea4080f68c3b33301a3fe29c3b7f42c3fb2ca75f27695f3692f661dcf7215ef7c7dbeda81508b3270af00addc66f7a798ef9b,,06/25/2023 03:50:00 PM,30,NO CONTROLS,,,,,,,,,,,,,,,,
a5074aea1bea202571c96f146e3e6815fe8a96259d066282c1528e553ae41e74f17b1d5c0a852edbb18a499bc5a788ff0c4a86f5bda9b78616728743a3562ae0,,12-04-2024 10:58,30,NO CONTROLS,,,,,,,,,,,,,,,,
b3a9771e9914c107b0b5101be893c5972af5dd4a928a2033c0057e621f236ae1307526ba23f062f2e280ca914a9800ce0e643cf772a56c56d7488e61d17f0d42,,11-04-2024 15:17,20,NO CONTROLS,,,,,,,,,,,,,,,,
4b0aaf849c153f94fc2f7548589aadd4bf37de2b3a8224cbf5e9cf1af94d0afe6e4c7a0e83cc0dcc0065af400c2e1136aac49a5718a236fed93ba9d59b48f0b7,,01/15/2025 05:30:00 PM,30,STOP SIGN/FLASHER,,,,,,,,,,,,,,,,
4b730bfb3a06e055119be6ed6589b0d74dcff099c463f8e7a9a92fafed5f5c281ff708b4d98ea76f7cefeed2054a0eac00d028aa418ea4bcd49b494544da3bb6,,01/15/2025 08:45:00 AM,30,NO CONTROLS,,,,,,,,,,,,,,,,
4c359baa408a6126bf4268326b3ae56fca06f3e95959112fceb2b495139c0ea83dc4d0bccd605232b26583adc53bad156dd74055a05900eaa9699164b7c43593,,01/15/2025 06:00:00 PM,30,NO CONTROLS,,,,,,,,,,,,,,,,
4de559a500cb67628e13541dbcb80ff5188f1db544521d90e10383cb6106a9f9badd6400c9c4d173cbf2300c9f42141ab34064b726f7ba3af690c7cbffc4f8eb,,01/15/2025 06:10:00 PM,30,NO CONTROLS,,,,,,,,,,,,,,,,
4e05dddadfa2f2fffce58e1afa3ab0e638e8865113de819c430103d5bd260016042c0f121dbece76b4941ac32e53b8f97d96e732a909af0ad242ae12c8e2111d,,01/15/2025 10:00:00 AM,30,NO CONTROLS,,,,,,,,,,,,,,,,
4f88cf22e8b34c80e95c221fc10fef51f14154c466e3b71b69f2ce90f55fb6db98d85ead9c1ebe9a4cf0f5c00d857695bff938c71a2be35b56371e111d68d442,,01/29/2025 02:30:00 PM,30,NO CONTROLS,,,,,,,,,,,,,,,,
501894eaac5a9720e8915c5ad1128f125a736e1ad232416efd29fb63f912ad460f0ac369a83d4afac2c519e55dd47051f8d3e48a6b91c48cf55924c3ebd50deb,,01/15/2025 01:30:00 PM,30,NO CONTROLS,,,,,,,,,,,,,,,,
507ba60b0f466faf0214c6d13ae4edc762d2e72aedc6fd19707ccf931e4e210a64c48775888e21e2df4856e264b53429d8a2073e0fe3dbcec2565e5720ea4549,,01/15/2025 03:18:00 PM,30,TRAFFIC SIGNAL,,,,,,,,,,,,,,,,
50a247d51471957c54aaaac87a644c878f4ed4ae804e1bde630943bf67318f8faf1e51b44141b1481ed1fc7a5d989162c1e5843e3bd96931a12057b3b8bed3d4,,02-02-2020 18:54,20,NO CONTROLS,,,,,,,,,,,,,,,,
5127f29c73bf4640fcfb47eb835e1b9c6d29d9dbaa51e0076d93b27a7ca47203b1676bf9dfa3d983d5452da85ae393fd4758cc3b76c32ca1d23676160e62bba5,,01/15/2025 01:00:00 PM,30,NO CONTROLS,,,,,,,,,,,,,,,,
f99b50bfe8b6d4c412a2c14cf0927c63cc9dfc0bc35244289e0fc66707f1a246039548eaaabccde682f053bd688e9cd3169e7dcef622b70a1cb2d15ca1c5905d,,04/18/2024 08:30:00 PM,20,NO CONTROLS,,,,,,,,,,,,,,,,
fbdf7f561a84ffe7c7f5337a75e58b3f39bb5082036418e0a560caa0c6022bc7c390344f5a7407bf347a7e19ed759e50ad0d0adf516b2ba2d95bcc4c27315bde,,04/19/2024 12:00:00 AM,30,NO CONTROLS,,,,,,,,,,,,,,,,
549cfd63eed785b27ffd7f362f729501e0ba88733341aa40a96f76d15413488ace2e2bb472fc6500069ca4cc734a7a40bd28e1e801a2b585a50c42b9ef1f5b77,,01/15/2025 01:25:00 PM,15,NO CONTROLS,,,,,,,,,,,,,,,,
54b464c9d6096709c57a591352d4430b3c174462406e55415b4ec0844f0a98fe183df8abd25cbfe9d64449da58b5124df64d1a92c60e1c81fd662d8db536f5b0,,01/15/2025 01:00:00 PM,30,NO CONTROLS,,,,,,,,,,,,,,,,
585c1d983020ae3ce2529399916c4b83f999f49de49694c03cd90a079eac7b39a4ea688b811f3fa73e217f0b26a5249161ec819864a4379e10eeee2745d9f2d7,,01/15/2025 09:00:00 AM,30,TRAFFIC SIGNAL,,,,,,,,,,,,,,,,
58da3bb1eaed2684371019b24d5103103ba8da5ca3f7a62bf494d137e5645487407b9f4c009bbdcc9b894102360661910c8455f009bd68c36b2ad62c9c4227ae,,01/15/2025 06:00:00 AM,35,TRAFFIC SIGNAL,,,,,,,,,,,,,,,,
ec4ec66e36f3a4f4efffbd30caaee74f3e8267e6ef5cde9bf96492018dc9e89fff530b5f2e3f600c8c325af2b3f847bc4c77bf3efdc402ae69555679c81553f8,N,06/14/2024 03:45:00 PM,30,STOP SIGN/FLASHER,,,,,,,,,,,,,,,,
58daeb02fcf7f4e660a9f1582a867eca201cc65ae3abc8c17274e7a64f946f35b51ccc5d778d66b9d46c6609e4075b1ae09e732d7cb1494081e6ddeedc7ab8ea,,01/15/2025 05:10:00 PM,35,NO CONTROLS,,,,,,,,,,,,,,,,
edfd40a49168479ca89401228eed72ca1c06ceca3546213914183aa098c567aeb6dc2b3d5d2fb96db9cadeba72f55f13ba608eadb87373029f26ca063c33db4f,,06/14/2024 08:03:00 PM,30,TRAFFIC SIGNAL,,,,,,,,,,,,,,,,
58ddedf5a0bbfaf2ae15b4c3caad5aa5d9e79c72c7aa41afba57845aa57ff0a35e8b898677ddfde536c945e672d07d837fe177bb5ccc59dc36b038dfb28cfd92,,01/15/2025 03:50:00 AM,30,NO CONTROLS,,,,,,,,,,,,,,,,
58f1496cf78e3f9137cf6859f2f587a8dc365995f7e4f2e2d9a4a77ed3ddfaefd8847570af57b8c1a41ccffd54c099d3e2e4698153bb178a9f1cfd56db5275b7,,01/15/2025 10:03:00 PM,30,TRAFFIC SIGNAL,,,,,,,,,,,,,,,,
aec64a51c7edaef373b70e622fdb404afd8d9607bd2eecf9c7ac66e5ddf3d5f8cd775611fab54080f46b31b3e4b3f10cc5bac091d99c383f8140f9e5274a6088,,12-04-2024 21:18,10,NO CONTROLS,,,,,,,,,,,,,,,,
5984ae7b053ed57175b3dfd23cec00102e5435f9c3ce8dfce48bc273bea32485fdae6ff4000a811be837e7706f42c59f014effb50ed2beeb5b7d9a664a95eb07,,01/15/2025 01:00:00 PM,10,NO CONTROLS,,,,,,,,,,,,,,,,
59d4eb35233d2f5ec6552ee3c842fad9309140bdd5f31082a7c9cd1113785c428ed7785a17b1194578b2d630b8455e17ec0dc9642347eb956f12592dac8defb7,,01/15/2025 09:55:00 AM,25,STOP SIGN/FLASHER,,,,,,,,,,,,,,,,
abf915d98a29b268d250a93f26251e7429b3bea0092f244ed6947dec9201b5290af10187f12461339292a5828a8d224ddeb7c07d3a38cfb7bed37041accb706b,,09-08-2023 10:30,25,NO CONTROLS,,,,,,,,,,,,,,,,
5b071d07c73600200cf7b4ea22833d31e0e819360215938cc4df17fe6e2266c885f4c6d0794558b208e5409a298be077503d006f1ec382bb9c45bcd26208be8e,,01/15/2025 11:28:00 AM,30,NO CONTROLS,,,,,,,,,,,,,,,,
5b26962d00a649c976cfd6715ad01b25155a18164d7ecbae22cd9208813c831fe5d9dbb493e6834fd305fbd760464f6935488f645728946a6b1118ec42eb1d0f,,01/15/2025 07:43:00 AM,30,STOP SIGN/FLASHER,,,,,,,,,,,,,,,,
1daecf2bb614db433c972cd2713fffc91c7f7ee5d6900e2c170334842459cc43f8db0859b29aaa842533897142938b1f153b75f83104e93efa8658e28a80f198,,09-09-2023 11:09,30,TRAFFIC SIGNAL,,,,,,,,,,,,,,,,
14386daec6219c6032b71612b28f0e4cd38e2898f39aae84deeb4efaf165253548cb27cb90088b2d4f9d3e484aa1e7f5076969da4d3b8137a43a3dc94536ac19,,08/13/2023 12:11:00 AM,30,TRAFFIC SIGNAL,,,,,,,,,,,,,,,,
4a1f7a24129e5e1d4a7a2fd44ab6f8822a20bcdb2f627f490af8975d8c14e9fadf2d7b533a09a7e8c2cc57a4b3563803d7d4eb4db3892337cf233f1f0f154013,,08/13/2023 10:10:00 AM,30,TRAFFIC SIGNAL,,,,,,,,,,,,,,,,
1ee2180a89cc02c0b756f95b5b2755bb5cc9d93450f5caafaee5cb5c6aa75adafd251402ac205833ff78be9c9a0eb799f33d9c854975cf3a8e10c6a7d28116c7,,08-09-2023 19:55,30,TRAFFIC SIGNAL,,,,,,,,,,,,,,,,
5c164f73ceb788d69e1f5ae1596b82e0360c0dd2d976175f4d8389d8606d6dcf64b8d977645dc0240a2a67a923f32b4f5d217130c77a90926c2036d11b65302c,,01/15/2025 11:00:00 PM,30,NO CONTROLS,,,,,,,,,,,,,,,,
01029b9b666326a435b8573bfd5779c875648fba6f15870a1c4be42cf43773235acdcc692640a19d024649c083b9bc882c9ec8688900c90a729e78be6f8e6b9c,,02/13/2020 11:30:00 PM,10,NO CONTROLS,,,,,,,,,,,,,,,,
5ce5be6e51aff8f4fd555fb91c1d92c09b3ea8ad128eb51dbe97952c2ada2ce8c7984f583f35f28fe37b61c0477ac858671992c8f4f9fa44af630c343bd46a42,,01/15/2025 06:31:00 PM,30,TRAFFIC SIGNAL,,,,,,,,,,,,,,,,
5e1685738e75688768d7d73c0bbf994928be9bed215324bf65a5016bbb737116d342c93288a81dd46b292c2dedb4305d14b86ae4d57b4a8e0ce3f0ce2392e4ba,,01/15/2025 07:40:00 AM,30,NO CONTROLS,,,,,,,,,,,,,,,,
5f440457d294555e19ba174a3417f28ecc25a1c6f63f65b0fc202570ee4929cb5fd30762b43c04b4a6548c449e9c8ab2b15a6e52da66e1725663604956c35ef6,,01/15/2025 09:00:00 AM,30,TRAFFIC SIGNAL,,,,,,,,,,,,,,,,
5fe9f378665150446f0a4566dee183425fa291501e5d17715b2c8d57c424ba4ce29e0e321f9fac1eed9a56710d5bc00fe399a4804c5ac93c178c424312b3e4d9,,01/15/2025 03:43:00 PM,20,STOP SIGN/FLASHER,,,,,,,,,,,,,,,,
61332b631d0dcf0314ca93b9420316022620623c0952b8bb39ae32bc33973706f7272ecfb4aee50579df7135f41b1a205d32baaa530cf7c79ec4bc490f7f091e,Y,09/21/2024 05:55:00 AM,30,STOP SIGN/FLASHER,,,,,,,,,,,,,,,,
0141c623f2308278a4812b8701464c0ac03837941f6cc2e03014436580c073cd1a221bb92e72686239c4e6f4c996acc5b0613e934218d31b2f5b6a9bac7cb232,,11/19/2022 01:56:00 PM,30,NO CONTROLS,,,,,,,,,,,,,,,,
61f6abc51e2c3ab5ac3d62e2875d10c115df68e298ad6c226a0fad012ae92788a6c6a177f44ad40677bc0f79f843c2c3788ba79971e36215d0b1a250372b3e26,,01/15/2025 05:20:00 PM,20,NO CONTROLS,,,,,,,,,,,,,,,,
fe52a7a4086f1e067627f3d5f3bd48f3a8274dd2108c04807fe833c4d1aa5d50e3b648f716a6ecad559924237368dbbba70313eda96bb9d20c870d8495bf473f,,05-02-2024 14:53,15,NO CONTROLS,,,,,,,,,,,,,,,,
882eb527c1d294d84c838ad6dad0b82ee457ba3893f93ebb9491a3abc8bb6d8e47d060b0686df605ade21bc821fb146169773fcb5b88a3cd7983713b33d46c29,,10-10-2023 19:30,30,NO CONTROLS,,,,,,,,,,,,,,,,
63f27e678e1e016694e9b18482b069b38dc2ffed9e62f58d55e700bab9d0a2ba590e7825c4e47d544c35f300fd50afb30017806ca64e95ba3d86ace0876d2ed4,,01/15/2025 12:42:00 AM,30,NO CONTROLS,,,,,,,,,,,,,,,,
63f3176574ad95e4cf2b4ab8821118b999a7d6ba58478b64d6e481906999f1c5347f378788d7c24cb52d667d138d02f2304eea64f8b3d94f58295dbef048b478,,01/15/2025 09:30:00 AM,0,NO CONTROLS,,,,,,,,,,,,,,,,
640820a334eb6025f827c6ace6c8decb008c8d6a31020acccb555ee90b8294038c601932ecde069bff67f5b8c4a68da364a5fd90d94c67d10bb1aef4116bd412,,01/19/2025 05:23:00 AM,30,STOP SIGN/FLASHER,,,,,,,,,,,,,,,,
6577656c72bc80bababa67a66c6c2c6a8ce0c7a1ce5b05ee14cef7e027f3695a78cb826c6940d02bdab08e00d2a22f59ca48b094cf5a85888ab719bd6b0c0145,,01/15/2025 11:38:00 AM,30,TRAFFIC SIGNAL,,,,,,,,,,,,,,,,
3e97eb9efd26fa51ee7cf8609b9417662610de19a0373a12e3e8639b33cc13d08d01c04beb52bc8aa8b8deb57e33d939ea4321da2aa2a2d03c8907d214f9dcba,,10-11-2023 20:35,30,TRAFFIC SIGNAL,,,,,,,,,,,,,,,,
b95bea99d58d5f3b4c5eff8c39ff5243bfe00dfafeca3da3b30b324fc66231ab4ce7681725167ccd8a2a2b56b27232c5ca8f93e40d34e4b19656f33d327d8eac,,09-10-2023 03:14,35,NO CONTROLS,,,,,,,,,,,,,,,,
665e9574cfd3d978e011c5f8c17f7367c6df50b0ae4e13f57dae3e203e2608ea14d3a68011256bc4eee65cc8ae8ccf60cfecb4ab8c4ce2ff427e6e93bdbed144,,01/15/2025 02:30:00 PM,10,NO CONTROLS,,,,,,,,,,,,,,,,
665ed99cf86982331bc2d460715bd1c3b92ebb5e79765f6a5d812104560e43aff3a5285c56301dbe623f7a1040e5bc885a64ea5a39f2b7c57c3385ae102b5c3b,,01/15/2025 07:00:00 PM,30,NO CONTROLS,,,,,,,,,,,,,,,,
238b615eaadd70257fb6142d54daa19d3d58bbc3e06da2ef1e98f5f99ef0379a10a77caf921fc7040f18051bc9a5d793161ba300a9c6ca7c39d6528170fe9af5,,04-05-2024 10:55,30,NO CONTROLS,,,,,,,,,,,,,,,,
674d4451dc0ab3f7ccdcc5827c7e7d499587e4f032f622b39f83a487c589d8911ca5809a439812f767639abf061de71e472fa27062af7917a871c954537dd4d1,,01/15/2025 10:57:00 AM,30,TRAFFIC SIGNAL,,,,,,,,,,,,,,,,
67bacb753e991553ba785493f3374e03de01eda5f1a512a40a647d791ef75f765fea942b80c27251d0c171033b2c647122c999c4828c89e16ff4a3c23449f3eb,,01/15/2025 12:52:00 AM,30,NO CONTROLS,,,,,,,,,,,,,,,,
e32be50ceaaeab6aa1f46098c6a2f87c60daba410396e7c90ba9f515eec501e08967d72de8edb57424f8179ec8ed0b67980e24cf10694f3537466f80f229aec9,,11-04-2024 16:11,30,UNKNOWN,,,,,,,,,,,,,,,,
698c6ff2c3a2f6dbecdcc209b7934fbce3301750db8b82d252a42c6062b2a9d12528839343f9332852869513424c6f21763c1e172e07383b4af9727a03e316ef,,01/15/2025 07:55:00 AM,30,NO CONTROLS,,,,,,,,,,,,,,,,
69900a3a54eb7c165d35362dc4088cdb3fab0a88e48332f2beed278e66d7e35c96037019b3ccd849167c3516511fadceb63657731ae9ecec2d2b5fccea5d6511,,01/15/2025 05:30:00 PM,30,NO CONTROLS,,,,,,,,,,,,,,,,
2f1330280231627574027baa9aff46e97a8ed21959301983cb618033c76e8bcca35eb9d6ea6e2ed701baa6d7f7ad00a39e4af79d0671ab8b0a357f875c2f32e7,,08/29/2024 07:15:00 PM,15,NO CONTROLS,,,,,,,,,,,,,,,,
6a1601f1955357b2875f6979e15bb41b3dc1e2f2fb4e1538220b09792e4581b4da5a782da544e6aa0ab3817026201ee5db2d9b0080ee511c8ff583f11a48f687,,01/15/2025 07:42:00 AM,30,NO CONTROLS,,,,,,,,,,,,,,,,
6a2712df5a6506b7cb1072e69789d70df8a13b92ee26eb90d88571eeba8eac0d8f46828458d4542c679696027782e6c1be6687e66da6556c0af45f2cc510ae29,,01/15/2025 12:55:00 PM,35,NO CONTROLS,,,,,,,,,,,,,,,,
90c5f7cdda51e8feb8089f807c00d655be356516ec0e334c0abb085ca6c7a20fa8924d1940f397c12f5d41b1d39a8d4ad45984089ba52c6b4d51933fe5816424,,06-01-2024 07:30,30,NO CONTROLS,,,,,,,,,,,,,,,,
82530b0b05ad10dbaeb672ffff0d5cf2ed5f240d2c34c4cd3e798075dfd6f21a3d5d40abb2db4cd7ff05e0f7f4e0c210d4c1a47cc4acfb3c862da516f2ad9d5a,,02/29/2024 03:30:00 PM,30,NO CONTROLS,,,,,,,,,,,,,,,,
c9f1aa414771dbb6b6824297489f8ed0611ed16d4b3dac11d1bd7a21d2bdc35ca121fef4a8b90a54aae244b816b5e539715e568a36285b7d414fde28e53a2622,,09-07-2024 15:24,25,NO CONTROLS,,,,,,,,,,,,,,,,
90cd10b8fb05839978fc0b32d28b58d3b16bbcfb63c5938fb90a5ca83006932b598a50a18806fd715222aaa2ba485d5136d2d5d08f56fadec29f986f671803d9,,03-05-2024 13:50,30,TRAFFIC SIGNAL,,,,,,,,,,,,,,,,
db254d0d24d0a506dbfab6dc7e3f4461205469f2c1f01d49a3a3bd95ffe168305477bc075d660a12fa5ba65db2065cc704f072747c9f4e854ce2cdf1a3b22c22,,04-04-2024 20:47,25,STOP SIGN/FLASHER,,,,,,,,,,,,,,,,
